timestamp,title,price,original_price,shipping,url
2025-03-19 06:28:22,"Klipsch R-120SWi 12"" High-Performance Wireless Subwoofer",$159.99,$179.99,Free shipping,https://www.ebay.com/itm/365374754988?_trkparms=5373%3A5000006400%7C5374%3ATech%7C5079%3A5000006400
2025-03-19 06:28:22,Apple iPhone 14 Pro Max 128GB Network Unlocked Very Good Condition,"$499.99
See all trending deals","$1,099.00",Free shipping,https://www.ebay.com/itm/365374754988?_trkparms=5373%3A5000006400%7C5374%3ATech%7C5079%3A5000006400
2025-03-19 06:28:22,Apple iPhone 14 Pro Max 256GB Unlocked Very Good Condition,"$549.99
See all trending deals","$1,199.00",Free shipping,https://www.ebay.com/itm/365374754988?_trkparms=5373%3A5000006400%7C5374%3ATech%7C5079%3A5000006400
2025-03-19 06:28:22,"HP - Envy 2-in-1 14"" Full HD Touch-Screen Laptop - Intel Core 5 - 8GB Memory ...",,$799.99,Free shipping,https://www.ebay.com/itm/365374754988?_trkparms=5373%3A5000006400%7C5374%3ATech%7C5079%3A5000006400
2025-03-19 06:28:22,"Lenovo - Legion 7i 16"" Gaming Laptop WQXGA - Intel 14th Gen Core i7 with 16GB...",,"$1,699.99",Free shipping,https://www.ebay.com/itm/365374754988?_trkparms=5373%3A5000006400%7C5374%3ATech%7C5079%3A5000006400
2025-03-19 06:28:22,Apple iPhone 14 Pro A2650 128GB Network Unlocked Very Good Condition,"$414.99
See all trending deals",$899.00,Free shipping,https://www.ebay.com/itm/365374754988?_trkparms=5373%3A5000006400%7C5374%3ATech%7C5079%3A5000006400
2025-03-19 06:28:22,Apple iPhone 14 128GB Network Unlocked Very Good Condition,"$305.99
See all trending deals",$749.00,Free shipping,https://www.ebay.com/itm/365374754988?_trkparms=5373%3A5000006400%7C5374%3ATech%7C5079%3A5000006400
2025-03-19 06:28:22,Apple iPhone 14 Pro A2650 256GB Unlocked Very Good Condition,"$454.99
See all trending deals",$999.00,Free shipping,https://www.ebay.com/itm/365374754988?_trkparms=5373%3A5000006400%7C5374%3ATech%7C5079%3A5000006400
2025-03-19 06:28:22,Apple iPhone 15 Pro Max A2849 256GB Unlocked Very Good,"$734.99
See all trending deals","$1,399.00",Free shipping,https://www.ebay.com/itm/365374754988?_trkparms=5373%3A5000006400%7C5374%3ATech%7C5079%3A5000006400
2025-03-19 06:28:22,Apple iPhone 16 Plus 128GB Unlocked Excellent Condition,"$684.99
See all trending deals","$1,349.00",Free shipping,https://www.ebay.com/itm/365374754988?_trkparms=5373%3A5000006400%7C5374%3ATech%7C5079%3A5000006400
2025-03-19 06:28:22,Apple iPad 8 (8th Gen) - (2020 Model) - 32GB - Wi-Fi - A2270 - Good,"$152.99
See all trending deals",$329.00,Free shipping,https://www.ebay.com/itm/365374754988?_trkparms=5373%3A5000006400%7C5374%3ATech%7C5079%3A5000006400
2025-03-19 06:28:22,Apple iPhone 13 A2482 128GB Network Unlocked Very Good Condition,"$262.99
See all trending deals",$699.00,Free shipping,https://www.ebay.com/itm/365374754988?_trkparms=5373%3A5000006400%7C5374%3ATech%7C5079%3A5000006400
2025-03-19 06:28:22,Apple iPhone 13 128GB Unlocked - Excellent,"$291.95
See all trending deals",$699.00,Free shipping,https://www.ebay.com/itm/365374754988?_trkparms=5373%3A5000006400%7C5374%3ATech%7C5079%3A5000006400
2025-03-19 06:28:23,VIZIO V20x-J8B-RB V-Series 2.0 Compact Sound Bar,"$42.34
See all trending deals",$149.95,Free shipping,https://www.ebay.com/itm/365374754988?_trkparms=5373%3A5000006400%7C5374%3ATech%7C5079%3A5000006400
2025-03-19 06:28:23,"ASUS ROG Strix G16 16"" 165Hz i9-13980HX 16GB 1TB SSD RTX 4060 8GB Gaming Gray","$1,219.99
See all trending deals","$1,485.99",Free shipping,https://www.ebay.com/itm/365374754988?_trkparms=5373%3A5000006400%7C5374%3ATech%7C5079%3A5000006400
2025-03-19 06:28:23,"Acer Aspire 3 Laptop 15.6"" 1TB AMD Ryzen 5 7520U 2.8GHz Certified Reburbished","$275.99
See all trending deals",$499.99,Free shipping,https://www.ebay.com/itm/365374754988?_trkparms=5373%3A5000006400%7C5374%3ATech%7C5079%3A5000006400
2025-03-19 06:28:23,Apple iPhone 13 Pro Max 256GB Unlocked - Excellent,"$464.95
See all trending deals","$1,199.00",Free shipping,https://www.ebay.com/itm/365374754988?_trkparms=5373%3A5000006400%7C5374%3ATech%7C5079%3A5000006400
2025-03-19 06:28:23,STATUS Between 3ANC Wireless Earbuds (CERTIFIED REFURBISHED) - BONE,"$69.64
See all trending deals",$99.99,Free shipping,https://www.ebay.com/itm/365374754988?_trkparms=5373%3A5000006400%7C5374%3ATech%7C5079%3A5000006400
2025-03-19 06:28:23,Apple iPhone 15 Pro 128GB Unlocked AT&T T-Mobile Verizon Very Good Condition,"$589.95
See all trending deals",$999.00,Free shipping,https://www.ebay.com/itm/365374754988?_trkparms=5373%3A5000006400%7C5374%3ATech%7C5079%3A5000006400
2025-03-19 06:28:23,Apple iPhone 15 Pro Max 256GB Unlocked - Excellent Condition,"$769.99
See all trending deals","$1,399.00",Free shipping,https://www.ebay.com/itm/365374754988?_trkparms=5373%3A5000006400%7C5374%3ATech%7C5079%3A5000006400
2025-03-19 06:28:23,Apple iPhone 14 Pro 256GB Network Unlocked Excellent Condition,"$479.99
See all trending deals",$999.00,Free shipping,https://www.ebay.com/itm/365374754988?_trkparms=5373%3A5000006400%7C5374%3ATech%7C5079%3A5000006400
2025-03-19 06:28:23,Apple iPhone 11 64GB Factory Unlocked Refurbished Excellent A2111 year warranty,"$202.95
See all trending deals","$1,099.99",Free shipping,https://www.ebay.com/itm/365374754988?_trkparms=5373%3A5000006400%7C5374%3ATech%7C5079%3A5000006400
2025-03-19 06:28:23,Google Pixel 7 Pro 128GB Unlocked - Good,"$224.99
See all trending deals",$899.00,Free shipping,https://www.ebay.com/itm/365374754988?_trkparms=5373%3A5000006400%7C5374%3ATech%7C5079%3A5000006400
2025-03-19 06:28:23,Apple iPhone 13 Pro A2483 256GB Unlocked Good Condition,"$364.99
See all trending deals",$799.00,Free shipping,https://www.ebay.com/itm/365374754988?_trkparms=5373%3A5000006400%7C5374%3ATech%7C5079%3A5000006400
2025-03-19 06:28:23,"ASUS - ROG Zephyrus G16 16"" OLED QHD 240Hz Gaming Laptop - Intel Core Ultra 9...",,"$1,999.99",Free shipping,https://www.ebay.com/itm/365374754988?_trkparms=5373%3A5000006400%7C5374%3ATech%7C5079%3A5000006400
2025-03-19 06:28:23,Apple iPhone 13 256GB Factory Unlocked AT&T T-Mobile Verizon Very Good Condition,"$304.95
See all trending deals",$899.00,Free shipping,https://www.ebay.com/itm/365374754988?_trkparms=5373%3A5000006400%7C5374%3ATech%7C5079%3A5000006400
2025-03-19 06:28:23,Apple iPhone 14 Pro Max 256GB Network Unlocked Excellent Condition,"$614.99
See all trending deals","$1,199.00",Free shipping,https://www.ebay.com/itm/365374754988?_trkparms=5373%3A5000006400%7C5374%3ATech%7C5079%3A5000006400
2025-03-19 06:28:23,Apple iPhone 14 Pro 256GB Unlocked AT&T T-Mobile Verizon Excellent Condition,"$484.95
See all trending deals","$1,099.00",Free shipping,https://www.ebay.com/itm/365374754988?_trkparms=5373%3A5000006400%7C5374%3ATech%7C5079%3A5000006400
2025-03-19 06:28:23,Apple iPhone 16 Pro Max 256GB Unlocked Excellent Condition,"$974.99
See all trending deals","$1,699.00",Free shipping,https://www.ebay.com/itm/365374754988?_trkparms=5373%3A5000006400%7C5374%3ATech%7C5079%3A5000006400
2025-03-19 06:28:23,Apple iPhone 16 Pro Max 256GB Unlocked Very Good Condition,"$949.99
See all trending deals","$1,699.00",Free shipping,https://www.ebay.com/itm/365374754988?_trkparms=5373%3A5000006400%7C5374%3ATech%7C5079%3A5000006400
2025-03-19 10:27:32,"Klipsch R-120SWi 12"" High-Performance Wireless Subwoofer",$159.99,$179.99,,https://www.ebay.com/itm/365374754988?_trkparms=5373%3A5000006400%7C5374%3ATech%7C5079%3A5000006400
2025-03-19 10:27:34,Apple iPhone 14 256GB Factory Unlocked AT&T T-Mobile Verizon Very Good Condition,$369.95,$899.00,,https://www.ebay.com/itm/365374754988?_trkparms=5373%3A5000006400%7C5374%3ATech%7C5079%3A5000006400
2025-03-19 10:27:36,"DS18 Car Speakers Package 4x Speakers 6.5"" Mid Range & 4x Super Bullet Tweeters",$147.95,,,https://www.ebay.com/itm/365374754988?_trkparms=5373%3A5000006400%7C5374%3ATech%7C5079%3A5000006400
2025-03-19 10:27:38,"HP Laptop AMD Ryzen 5 7530U 16GB 1 TB SSD 17.3"" Touchscreen W11H 17-cp3055cl",$399.99,$599.99,,https://www.ebay.com/itm/365374754988?_trkparms=5373%3A5000006400%7C5374%3ATech%7C5079%3A5000006400
2025-03-19 10:27:40,Nintendo Switch OLED 64GB NEON Red Blue Joy Con Newest Version +FAST FREE SHIP!‚≠ê,$269.99,$359.99,,https://www.ebay.com/itm/365374754988?_trkparms=5373%3A5000006400%7C5374%3ATech%7C5079%3A5000006400
2025-03-19 10:27:42,DJI Mavic 3 Classic Fly More Pro Vlogger -2 Battery Combo (DJI RC) Drone-CRB,"$1,499.00","$1,899.00",,https://www.ebay.com/itm/365374754988?_trkparms=5373%3A5000006400%7C5374%3ATech%7C5079%3A5000006400
2025-03-19 10:27:44,LG 55-Inch Class OLED evo G4 Series 4K TV with webOS 24,"$1,499.00","$3,199.95",,https://www.ebay.com/itm/365374754988?_trkparms=5373%3A5000006400%7C5374%3ATech%7C5079%3A5000006400
2025-03-19 10:27:47,Apple iPhone 14 128GB Network Unlocked Very Good Condition,$304.99,$749.00,,https://www.ebay.com/itm/365374754988?_trkparms=5373%3A5000006400%7C5374%3ATech%7C5079%3A5000006400
2025-03-19 10:27:49,Apple iPhone 14 Pro Max 128GB Network Unlocked Very Good Condition,$509.99,"$1,099.00",,https://www.ebay.com/itm/365374754988?_trkparms=5373%3A5000006400%7C5374%3ATech%7C5079%3A5000006400
2025-03-19 10:27:51,Apple iPhone 14 Pro Max 256GB Unlocked Very Good Condition,$539.99,"$1,199.00",,https://www.ebay.com/itm/365374754988?_trkparms=5373%3A5000006400%7C5374%3ATech%7C5079%3A5000006400
2025-03-19 10:27:53,Apple iPhone 14 Pro A2650 256GB Unlocked Very Good Condition,$439.99,$999.00,,https://www.ebay.com/itm/365374754988?_trkparms=5373%3A5000006400%7C5374%3ATech%7C5079%3A5000006400
2025-03-19 10:27:55,Apple iPhone 13 A2482 128GB Network Unlocked Very Good Condition,$259.99,$699.00,,https://www.ebay.com/itm/365374754988?_trkparms=5373%3A5000006400%7C5374%3ATech%7C5079%3A5000006400
2025-03-19 10:27:57,Apple iPhone 12 64GB - Fully Unlocked - VERY GOOD Condition!! Unlocked!!,$210.99,$599.00,,https://www.ebay.com/itm/365374754988?_trkparms=5373%3A5000006400%7C5374%3ATech%7C5079%3A5000006400
2025-03-19 10:27:59,Apple iPhone 14 Pro Max 128GB Network Unlocked Very Good Condition,$509.99,"$1,099.00",,https://www.ebay.com/itm/365374754988?_trkparms=5373%3A5000006400%7C5374%3ATech%7C5079%3A5000006400
2025-03-19 10:28:01,Apple iPhone 14 256GB Network Unlocked Excellent Condition,$412.49,$426.21,,https://www.ebay.com/itm/365374754988?_trkparms=5373%3A5000006400%7C5374%3ATech%7C5079%3A5000006400
2025-03-19 10:28:04,Apple iPhone 12 Pro A2341 256GB Unlocked Good Condition,$299.99,,,https://www.ebay.com/itm/365374754988?_trkparms=5373%3A5000006400%7C5374%3ATech%7C5079%3A5000006400
2025-03-19 10:28:06,Apple iPhone 12 Mini 64GB Unlocked Excellent Condition,$184.99,$209.06,,https://www.ebay.com/itm/365374754988?_trkparms=5373%3A5000006400%7C5374%3ATech%7C5079%3A5000006400
2025-03-19 10:28:08,"Apple MacBook Pro 13"" Late 2020 M1 1TB SSD 16GB RAM Space Gray - Good",$649.99,,,https://www.ebay.com/itm/365374754988?_trkparms=5373%3A5000006400%7C5374%3ATech%7C5079%3A5000006400
2025-03-19 10:28:10,"Acer Aspire 3 Laptop 15.6"" 1TB AMD Ryzen 5 7520U 2.8GHz Certified Reburbished",$275.99,$499.99,,https://www.ebay.com/itm/365374754988?_trkparms=5373%3A5000006400%7C5374%3ATech%7C5079%3A5000006400
2025-03-19 10:28:12,Acer PredatorNeo Laptop 16 16GB 1TB NVIDIA GeForce RTX4060 Certified Refurbished,$960.99,"$2,371.82",,https://www.ebay.com/itm/365374754988?_trkparms=5373%3A5000006400%7C5374%3ATech%7C5079%3A5000006400
2025-03-19 10:28:14,"Apple MacBook Pro 2021 MS3-96w M1 Pro 16GB RAM 16"" 512GB SSD Very Good",$899.00,"$1,499.00",,https://www.ebay.com/itm/365374754988?_trkparms=5373%3A5000006400%7C5374%3ATech%7C5079%3A5000006400
2025-03-19 10:28:16,"ASUS Chromebook Plus 14"" FHD IPS Laptop Intel i3-1215U 8GB 128GB SSD Chrome OS",$229.00,$486.99,,https://www.ebay.com/itm/365374754988?_trkparms=5373%3A5000006400%7C5374%3ATech%7C5079%3A5000006400
2025-03-19 10:28:18,Samsung Music Frame Dolby Atmos Picture Frame/Smart Speaker,$183.00,$499.99,,https://www.ebay.com/itm/365374754988?_trkparms=5373%3A5000006400%7C5374%3ATech%7C5079%3A5000006400
2025-03-19 10:28:20,LG 77-Inch Class OLED evo C4 Series TV with webOS 24,"$1,856.00","$4,199.95",,https://www.ebay.com/itm/365374754988?_trkparms=5373%3A5000006400%7C5374%3ATech%7C5079%3A5000006400
2025-03-19 10:28:23,BenQ GP500 4K HDR LED Smart Home Theater Projector 1500 Lm Auto Focus 1.3x zoom,$734.00,"$1,799.00",,https://www.ebay.com/itm/365374754988?_trkparms=5373%3A5000006400%7C5374%3ATech%7C5079%3A5000006400
2025-03-19 10:28:25,BenQ X300G 2000lm 4K Portable Gaming Projector 4ms Short Throw 3D Auto Keystone,$947.00,"$1,499.99",,https://www.ebay.com/itm/365374754988?_trkparms=5373%3A5000006400%7C5374%3ATech%7C5079%3A5000006400
2025-03-19 10:28:27,Sony BRAVIA 8 K65XR80 65 inch 4K HDR Smart OLED TV (2024),"$1,199.00","$2,799.99",,https://www.ebay.com/itm/365374754988?_trkparms=5373%3A5000006400%7C5374%3ATech%7C5079%3A5000006400
2025-03-19 10:28:29,DJI Mini 3 Pro Fly More Vlogger Combo (DJI RC ) Drone 4k,$937.00,"$1,249.00",,https://www.ebay.com/itm/365374754988?_trkparms=5373%3A5000006400%7C5374%3ATech%7C5079%3A5000006400
2025-03-19 10:28:31,Samsung Music Frame Dolby Atmos Picture Frame/Smart Speaker,$183.00,$499.99,,https://www.ebay.com/itm/365374754988?_trkparms=5373%3A5000006400%7C5374%3ATech%7C5079%3A5000006400
2025-03-19 10:28:33,Sony FE 24-70mm F2.8 GM II Lens,"$1,719.00","$2,306.99",,https://www.ebay.com/itm/365374754988?_trkparms=5373%3A5000006400%7C5374%3ATech%7C5079%3A5000006400
2025-03-19 15:27:29,Samsung Galaxy S22+ 5G SM-S906U1 128GB 256GB Unlocked Very Good Refurbished,$234.95,"$1,199.99",Free shipping,https://www.ebay.com/itm/204769428202?_trkparms=5373%3A5000006400%7C5374%3ATech%7C5079%3A5000006400
2025-03-19 15:27:29,"Lenovo - Legion 7i 16"" Gaming Laptop WQXGA - Intel 14th Gen Core i7 with 16GB...",,"$1,699.99",Free shipping,https://www.ebay.com/itm/204769428202?_trkparms=5373%3A5000006400%7C5374%3ATech%7C5079%3A5000006400
2025-03-19 15:27:29,"HP - Envy 2-in-1 14"" Full HD Touch-Screen Laptop - Intel Core 5 - 8GB Memory ...",,$799.99,Free shipping,https://www.ebay.com/itm/204769428202?_trkparms=5373%3A5000006400%7C5374%3ATech%7C5079%3A5000006400
2025-03-19 15:27:29,"Acer Aspire 3 Laptop 15.6"" 1TB AMD Ryzen 5 7520U 2.8GHz Certified Reburbished","$275.99
See all trending deals",$499.99,Free shipping,https://www.ebay.com/itm/204769428202?_trkparms=5373%3A5000006400%7C5374%3ATech%7C5079%3A5000006400
2025-03-19 15:27:29,"AcerK243Y 23.8"" Gaming Monitor LED Display 100Hz 1920x1080 Certified Refurbished","$65.99
See all trending deals",$119.99,Free shipping,https://www.ebay.com/itm/204769428202?_trkparms=5373%3A5000006400%7C5374%3ATech%7C5079%3A5000006400
2025-03-19 15:27:30,Apple iPad 8 (8th Gen) - (2020 Model) - 32GB - Wi-Fi - A2270 - Good,"$152.99
See all trending deals",$329.00,Free shipping,https://www.ebay.com/itm/204769428202?_trkparms=5373%3A5000006400%7C5374%3ATech%7C5079%3A5000006400
2025-03-19 15:27:30,Apple Watch Ultra 2 2nd Generation GPS & Cellular 49mm - Titanium - Excellent,"$494.99
See all trending deals",$799.00,Free shipping,https://www.ebay.com/itm/204769428202?_trkparms=5373%3A5000006400%7C5374%3ATech%7C5079%3A5000006400
2025-03-19 15:27:30,VIZIO V20x-J8B-RB V-Series 2.0 Compact Sound Bar,"$42.34
See all trending deals",$149.95,Free shipping,https://www.ebay.com/itm/204769428202?_trkparms=5373%3A5000006400%7C5374%3ATech%7C5079%3A5000006400
2025-03-19 15:27:30,Apple AirTag Bluetooth GPS Tracker Silver MX532AM/A A2187 For iPhone & iPad,"$22.95
See all trending deals",$30.00,Free shipping,https://www.ebay.com/itm/204769428202?_trkparms=5373%3A5000006400%7C5374%3ATech%7C5079%3A5000006400
2025-03-19 15:27:30,"Seagate EXOS X16 ST14000NM005G 14TB 256MB 7200rpm 3.5"" SATA 6Gb/s Enterprise HDD","$147.99
See all trending deals",$199.99,Free shipping,https://www.ebay.com/itm/204769428202?_trkparms=5373%3A5000006400%7C5374%3ATech%7C5079%3A5000006400
2025-03-19 15:27:30,"Seagate Skyhawk AI ST12000VX0017 12TB 7200RPM 3.5"" SATA 6.0Gb/s Surveillance HDD","$115.99
See all trending deals",$179.99,Free shipping,https://www.ebay.com/itm/204769428202?_trkparms=5373%3A5000006400%7C5374%3ATech%7C5079%3A5000006400
2025-03-19 15:27:30,Apple iPhone 13 128GB Unlocked - Excellent,"$301.99
See all trending deals",$799.99,Free shipping,https://www.ebay.com/itm/204769428202?_trkparms=5373%3A5000006400%7C5374%3ATech%7C5079%3A5000006400
2025-03-19 15:27:30,Apple iPhone 12 Pro Max 128GB - Fully Unlocked - VERY GOOD Condition,"$379.99
See all trending deals",$899.00,Free shipping,https://www.ebay.com/itm/204769428202?_trkparms=5373%3A5000006400%7C5374%3ATech%7C5079%3A5000006400
2025-03-19 15:27:30,"ASUS ROG Strix G16 16"" 165Hz i9-13980HX 16GB 1TB SSD RTX 4060 8GB Gaming Gray","$1,219.99
See all trending deals","$1,485.99",Free shipping,https://www.ebay.com/itm/204769428202?_trkparms=5373%3A5000006400%7C5374%3ATech%7C5079%3A5000006400
2025-03-19 15:27:30,Apple iPhone 13 Pro Max 256GB Unlocked - Excellent,"$464.95
See all trending deals","$1,199.00",Free shipping,https://www.ebay.com/itm/204769428202?_trkparms=5373%3A5000006400%7C5374%3ATech%7C5079%3A5000006400
2025-03-19 15:27:30,Apple iPhone 13 128GB Unlocked - Excellent,"$291.95
See all trending deals",$699.00,Free shipping,https://www.ebay.com/itm/204769428202?_trkparms=5373%3A5000006400%7C5374%3ATech%7C5079%3A5000006400
2025-03-19 15:27:30,"Seagate IronWolf 12TB 7200RPM SATA 6Gb/s 256MB 3.5"" NAS Hard Drive ST12000VN0007","$133.99
See all trending deals",$189.99,Free shipping,https://www.ebay.com/itm/204769428202?_trkparms=5373%3A5000006400%7C5374%3ATech%7C5079%3A5000006400
2025-03-19 15:27:30,"LG 32"" Class Ultrafine 4K UHD IPS Monitor HDR10 60Hz 5ms White 32UN650K-W.AUS","$188.00
See all trending deals",$449.99,Free shipping,https://www.ebay.com/itm/204769428202?_trkparms=5373%3A5000006400%7C5374%3ATech%7C5079%3A5000006400
2025-03-19 15:27:30,"Acer Aspire 5 Spin 14"" 2-in-1 Laptop Core i7 16GB 1TB SSD -Certified Refurbished","$429.99
See all trending deals",$849.99,Free shipping,https://www.ebay.com/itm/204769428202?_trkparms=5373%3A5000006400%7C5374%3ATech%7C5079%3A5000006400
2025-03-19 15:27:30,Apple iPhone 14 Plus 256GB Unlocked AT&T T-Mobile Verizon Very Good Condition,"$394.95
See all trending deals",$999.00,Free shipping,https://www.ebay.com/itm/204769428202?_trkparms=5373%3A5000006400%7C5374%3ATech%7C5079%3A5000006400
2025-03-19 15:27:31,"Lenovo LOQ 15.6"" FHD 144Hz Gaming Laptop i5-12450HX 12GB RAM 512GB SSD RTX 3050","$599.99
See all trending deals",$880.99,Free shipping,https://www.ebay.com/itm/204769428202?_trkparms=5373%3A5000006400%7C5374%3ATech%7C5079%3A5000006400
2025-03-19 15:27:31,JBL Tune Flex True Wireless Bluetooth Noise Cancelling Earbuds - Ghost Black,"$34.95
See all trending deals",$99.95,Free shipping,https://www.ebay.com/itm/204769428202?_trkparms=5373%3A5000006400%7C5374%3ATech%7C5079%3A5000006400
2025-03-19 15:27:31,"Dell Inspiron 15 Laptop AMD Ryzen 7 7730U 16GB RAM 512GB SSD 15.6"" FHD Touch W11","$349.00
See all trending deals",$499.00,Free shipping,https://www.ebay.com/itm/204769428202?_trkparms=5373%3A5000006400%7C5374%3ATech%7C5079%3A5000006400
2025-03-19 15:27:31,Apple Watch Series SE (2nd Gen) 40mm GPS + WiFi + Bluetooth Very Good Condition,"$117.99
See all trending deals",$299.99,Free shipping,https://www.ebay.com/itm/204769428202?_trkparms=5373%3A5000006400%7C5374%3ATech%7C5079%3A5000006400
2025-03-19 15:27:31,"Lenovo IdeaPad 5i 2-in-1 Core 7-150U 16GB 1TB SSD 16"" FHD+ Touch W11 Home","$489.00
See all trending deals",$999.00,Free shipping,https://www.ebay.com/itm/204769428202?_trkparms=5373%3A5000006400%7C5374%3ATech%7C5079%3A5000006400
2025-03-19 15:27:31,"ASUS - ROG Zephyrus G16 16"" OLED QHD 240Hz Gaming Laptop - Intel Core Ultra 9...",,"$1,999.99",Free shipping,https://www.ebay.com/itm/204769428202?_trkparms=5373%3A5000006400%7C5374%3ATech%7C5079%3A5000006400
2025-03-19 15:27:31,Sony WF-1000XM5 Truly Wireless Bluetooth Noise Canceling Headphones - Black,"$112.99
See all trending deals",$299.99,Free shipping,https://www.ebay.com/itm/204769428202?_trkparms=5373%3A5000006400%7C5374%3ATech%7C5079%3A5000006400
2025-03-19 15:27:31,Apple iPhone 15 Pro 128GB (Unlocked) US E-Sim Version. Excellent,"$624.99
See all trending deals",$999.00,Free shipping,https://www.ebay.com/itm/204769428202?_trkparms=5373%3A5000006400%7C5374%3ATech%7C5079%3A5000006400
2025-03-19 15:27:31,Apple AirPods Pro 2nd Generation Gen 2 2023 A2968 with Magsafe USB-C Charging,"$149.95
See all trending deals",$250.00,Free shipping,https://www.ebay.com/itm/204769428202?_trkparms=5373%3A5000006400%7C5374%3ATech%7C5079%3A5000006400
2025-03-19 15:27:31,"MSI - THIN 15 15.6"" 144Hz FHD Gaming Laptop-Intel Core i5-13420H - 16GB Memor...",,$899.99,Free shipping,https://www.ebay.com/itm/204769428202?_trkparms=5373%3A5000006400%7C5374%3ATech%7C5079%3A5000006400
2025-03-19 20:27:26,"2020 Apple iPad 8 10.2"" Display 32GB WiFi Only MYL92LL/A Space Gray - Very Good",$143.99,$329.00,Free shipping,https://www.ebay.com/itm/354233898171?_trkparms=5373%3A5000006400%7C5374%3ATech%7C5079%3A5000006400
2025-03-19 20:27:26,"Lenovo - Legion 7i 16"" Gaming Laptop WQXGA - Intel 14th Gen Core i7 with 16GB...",,"$1,699.99",Free shipping,https://www.ebay.com/itm/354233898171?_trkparms=5373%3A5000006400%7C5374%3ATech%7C5079%3A5000006400
2025-03-19 20:27:26,"HP - Envy 2-in-1 14"" Full HD Touch-Screen Laptop - Intel Core 5 - 8GB Memory ...",,$799.99,Free shipping,https://www.ebay.com/itm/354233898171?_trkparms=5373%3A5000006400%7C5374%3ATech%7C5079%3A5000006400
2025-03-19 20:27:26,"NEW Micron 7300 PRO SSD 1600GB 1.6TB 2.5"" NVMe Solid State Drive MTFDHBE1T6TDG","$98.99
See all trending deals",$113.84,Free shipping,https://www.ebay.com/itm/354233898171?_trkparms=5373%3A5000006400%7C5374%3ATech%7C5079%3A5000006400
2025-03-19 20:27:26,Apple iPhone 13 128GB Unlocked - Excellent,"$291.95
See all trending deals",$699.00,Free shipping,https://www.ebay.com/itm/354233898171?_trkparms=5373%3A5000006400%7C5374%3ATech%7C5079%3A5000006400
2025-03-19 20:27:26,Seagate Exos 24TB SATA HDD ST24000NM000C 7.2K RPM 6Gb/s 512e 3.5in 512MB,"$271.99
See all trending deals",$299.99,Free shipping,https://www.ebay.com/itm/354233898171?_trkparms=5373%3A5000006400%7C5374%3ATech%7C5079%3A5000006400
2025-03-19 20:27:26,Sony WF-1000XM5 Truly Wireless Bluetooth Noise Canceling Headphones - Black,"$112.99
See all trending deals",$299.99,Free shipping,https://www.ebay.com/itm/354233898171?_trkparms=5373%3A5000006400%7C5374%3ATech%7C5079%3A5000006400
2025-03-19 20:27:26,"ASUS ROG Strix G16 16"" 165Hz i9-13980HX 16GB 1TB SSD RTX 4060 8GB Gaming Gray","$1,219.99
See all trending deals","$1,485.99",Free shipping,https://www.ebay.com/itm/354233898171?_trkparms=5373%3A5000006400%7C5374%3ATech%7C5079%3A5000006400
2025-03-19 20:27:26,"Apple MacBook Pro MRX33LL/A 2023 11CPU/14GPU M3 Pro 36GB RAM 14.2"" 4TB SSD - NEW","$2,049.00
See all trending deals","$3,499.99",Free shipping,https://www.ebay.com/itm/354233898171?_trkparms=5373%3A5000006400%7C5374%3ATech%7C5079%3A5000006400
2025-03-19 20:27:26,Apple iPad 8 (8th Gen) - (2020 Model) - 32GB - Wi-Fi - A2270 - Good,"$152.99
See all trending deals",$329.00,Free shipping,https://www.ebay.com/itm/354233898171?_trkparms=5373%3A5000006400%7C5374%3ATech%7C5079%3A5000006400
2025-03-19 20:27:26,"ASUS Chromebook C523NA-IH44F 15.6"" Full HD Laptop intel N3350 4GB 64GB Chrome OS","$86.00
See all trending deals",$489.99,Free shipping,https://www.ebay.com/itm/354233898171?_trkparms=5373%3A5000006400%7C5374%3ATech%7C5079%3A5000006400
2025-03-19 20:27:26,VIZIO V20x-J8B-RB V-Series 2.0 Compact Sound Bar,"$42.34
See all trending deals",$149.95,Free shipping,https://www.ebay.com/itm/354233898171?_trkparms=5373%3A5000006400%7C5374%3ATech%7C5079%3A5000006400
2025-03-19 20:27:26,"Lenovo LOQ 15.6"" FHD 144Hz Gaming Laptop i5-12450HX 12GB RAM 512GB SSD RTX 3050","$599.99
See all trending deals",$880.99,Free shipping,https://www.ebay.com/itm/354233898171?_trkparms=5373%3A5000006400%7C5374%3ATech%7C5079%3A5000006400
2025-03-19 20:27:26,"Seagate IronWolf 12TB 7200RPM SATA 6Gb/s 256MB 3.5"" NAS Hard Drive ST12000VN0007","$133.99
See all trending deals",$189.99,Free shipping,https://www.ebay.com/itm/354233898171?_trkparms=5373%3A5000006400%7C5374%3ATech%7C5079%3A5000006400
2025-03-19 20:27:26,"MSI - THIN 15 15.6"" 144Hz FHD Gaming Laptop-Intel Core i5-13420H - 16GB Memor...",,$899.99,Free shipping,https://www.ebay.com/itm/354233898171?_trkparms=5373%3A5000006400%7C5374%3ATech%7C5079%3A5000006400
2025-03-19 20:27:26,Apple iPhone 12 Pro 128GB A2341 Unlocked AT&T Verizon T-Mobile Good Refurbished,"$269.95
See all trending deals","$1,199.99",Free shipping,https://www.ebay.com/itm/354233898171?_trkparms=5373%3A5000006400%7C5374%3ATech%7C5079%3A5000006400
2025-03-19 20:27:26,Apple iPhone 12 Pro A2341 256GB Unlocked Good Condition,"$299.99
See all trending deals",,Free shipping,https://www.ebay.com/itm/354233898171?_trkparms=5373%3A5000006400%7C5374%3ATech%7C5079%3A5000006400
2025-03-19 20:27:26,Apple iPhone 13 Pro Max 256GB Unlocked - Excellent,"$464.95
See all trending deals","$1,199.00",Free shipping,https://www.ebay.com/itm/354233898171?_trkparms=5373%3A5000006400%7C5374%3ATech%7C5079%3A5000006400
2025-03-19 20:27:27,Apple iPhone 12 64GB - Fully Unlocked - VERY GOOD Condition!! Unlocked!!,"$210.99
See all trending deals",$599.00,Free shipping,https://www.ebay.com/itm/354233898171?_trkparms=5373%3A5000006400%7C5374%3ATech%7C5079%3A5000006400
2025-03-19 20:27:27,Apple iPhone 12 Pro Max 128GB - Fully Unlocked - VERY GOOD Condition,"$379.99
See all trending deals",$899.00,Free shipping,https://www.ebay.com/itm/354233898171?_trkparms=5373%3A5000006400%7C5374%3ATech%7C5079%3A5000006400
2025-03-19 20:27:27,"ASUS - ROG Zephyrus G16 16"" OLED QHD 240Hz Gaming Laptop - Intel Core Ultra 9...",,"$1,999.99",Free shipping,https://www.ebay.com/itm/354233898171?_trkparms=5373%3A5000006400%7C5374%3ATech%7C5079%3A5000006400
2025-03-19 20:27:27,"Lenovo ThinkPad P14s Gen 5 Intel Laptop, 14.5"" IPS 60Hz, NVIDIA RTX 500","$784.99
See all trending deals","$2,559.00",Free shipping,https://www.ebay.com/itm/354233898171?_trkparms=5373%3A5000006400%7C5374%3ATech%7C5079%3A5000006400
2025-03-19 20:27:27,Apple iPhone 13 128GB Unlocked - Very Good,"$276.95
See all trending deals",$699.00,Free shipping,https://www.ebay.com/itm/354233898171?_trkparms=5373%3A5000006400%7C5374%3ATech%7C5079%3A5000006400
2025-03-19 20:27:27,"Acer Aspire 3 Laptop 15.6"" 1TB AMD Ryzen 5 7520U 2.8GHz Certified Reburbished","$275.99
See all trending deals",$499.99,Free shipping,https://www.ebay.com/itm/354233898171?_trkparms=5373%3A5000006400%7C5374%3ATech%7C5079%3A5000006400
2025-03-19 20:27:27,Apple MacBook Pro 2021 16in M1 Pro 10 CPU 16 GPU 16GB RAM 1TB SSD Very Good,"$962.95
See all trending deals","$2,699.00",Free shipping,https://www.ebay.com/itm/354233898171?_trkparms=5373%3A5000006400%7C5374%3ATech%7C5079%3A5000006400
2025-03-19 20:27:27,For Moto G Power 5G 2024 Case Heavy-Duty Tough Dual Layer Cover +Tempered Glass,"$8.95
See all trending deals",$19.99,Free shipping,https://www.ebay.com/itm/354233898171?_trkparms=5373%3A5000006400%7C5374%3ATech%7C5079%3A5000006400
2025-03-19 20:27:27,For Apple iPhone 16e Hybrid Phone Case Magnetic Ring Stand Camera Lens Cover,"$9.99
See all trending deals",$19.99,Free shipping,https://www.ebay.com/itm/354233898171?_trkparms=5373%3A5000006400%7C5374%3ATech%7C5079%3A5000006400
2025-03-19 20:27:27,Apple iPhone 14 Pro 128GB Unlocked - Excellent,"$446.95
See all trending deals",$999.00,Free shipping,https://www.ebay.com/itm/354233898171?_trkparms=5373%3A5000006400%7C5374%3ATech%7C5079%3A5000006400
2025-03-19 20:27:27,Sony WH-1000XM4 Wireless Noise-Cancelling Over-the-Ear Headphones - Black,"$159.00
See all trending deals",$349.99,Free shipping,https://www.ebay.com/itm/354233898171?_trkparms=5373%3A5000006400%7C5374%3ATech%7C5079%3A5000006400
2025-03-19 20:27:27,JBL Tune Flex True Wireless Bluetooth Noise Cancelling Earbuds - Ghost Black,"$34.95
See all trending deals",$99.95,Free shipping,https://www.ebay.com/itm/354233898171?_trkparms=5373%3A5000006400%7C5374%3ATech%7C5079%3A5000006400
2025-03-20 01:55:29,"2020 Apple iPad 8 10.2"" Display 32GB WiFi Only MYL92LL/A Space Gray - Very Good",$143.99,$329.00,,https://www.ebay.com/itm/354233898171?_trkparms=5373%3A5000006400%7C5374%3ATech%7C5079%3A5000006400
2025-03-20 01:55:31,"Seagate IronWolf 12TB 7200RPM SATA 6Gb/s 256MB 3.5"" NAS Hard Drive ST12000VN0007",$133.99,$189.99,,https://www.ebay.com/itm/354233898171?_trkparms=5373%3A5000006400%7C5374%3ATech%7C5079%3A5000006400
2025-03-20 01:55:33,Samsung Galaxy Watch 6 Classic 43mm Bluetooth R950 - Excellent,$99.99,$159.99,,https://www.ebay.com/itm/354233898171?_trkparms=5373%3A5000006400%7C5374%3ATech%7C5079%3A5000006400
2025-03-20 01:55:35,Logitech - G CLOUD Gaming Handheld Console - White,$164.99,$349.99,,https://www.ebay.com/itm/354233898171?_trkparms=5373%3A5000006400%7C5374%3ATech%7C5079%3A5000006400
2025-03-20 01:55:37,"1 Year Warranty MacBook Pro 16"" M1 Max 2021 3.20GHz/64GB/1TB/24-Core GPU - A2485","$1,489.99","$2,699.00",,https://www.ebay.com/itm/354233898171?_trkparms=5373%3A5000006400%7C5374%3ATech%7C5079%3A5000006400
2025-03-20 01:55:39,Samsung Galaxy S22+ 5G SM-S906U1 128GB 256GB Unlocked Very Good Refurbished,$234.95,"$1,199.99",,https://www.ebay.com/itm/354233898171?_trkparms=5373%3A5000006400%7C5374%3ATech%7C5079%3A5000006400
2025-03-20 01:55:41,"HP ENVY Laptop Intel Core Ultra 7 155U RTX 3050 32GB RAM 1TB SSD 17.3"" FHD W11H",$769.99,"$1,099.99",,https://www.ebay.com/itm/354233898171?_trkparms=5373%3A5000006400%7C5374%3ATech%7C5079%3A5000006400
2025-03-20 01:55:44,Apple iPhone 16 Pro Max 256GB Unlocked Excellent Condition,$969.99,"$1,699.00",,https://www.ebay.com/itm/354233898171?_trkparms=5373%3A5000006400%7C5374%3ATech%7C5079%3A5000006400
2025-03-20 01:55:46,"Lenovo - Legion 7i 16"" Gaming Laptop WQXGA - Intel 14th Gen Core i7 with 16GB...",,"$1,699.99",,https://www.ebay.com/itm/354233898171?_trkparms=5373%3A5000006400%7C5374%3ATech%7C5079%3A5000006400
2025-03-20 01:55:48,"Acer Predator Helios Neo 16 16"" Gaming Notebook 16GB 1TB - Certified Refurbished","$1,125.99",,,https://www.ebay.com/itm/354233898171?_trkparms=5373%3A5000006400%7C5374%3ATech%7C5079%3A5000006400
2025-03-20 01:55:50,Apple iPhone 14 128GB Network Unlocked Very Good Condition,$304.99,$749.00,,https://www.ebay.com/itm/354233898171?_trkparms=5373%3A5000006400%7C5374%3ATech%7C5079%3A5000006400
2025-03-20 01:55:52,Apple iPhone 14 Pro A2650 256GB Unlocked Very Good Condition,$439.99,$999.00,,https://www.ebay.com/itm/354233898171?_trkparms=5373%3A5000006400%7C5374%3ATech%7C5079%3A5000006400
2025-03-20 01:55:54,Apple iPhone 14 256GB Factory Unlocked AT&T T-Mobile Verizon Very Good Condition,$369.95,$899.00,,https://www.ebay.com/itm/354233898171?_trkparms=5373%3A5000006400%7C5374%3ATech%7C5079%3A5000006400
2025-03-20 01:55:56,Apple iPhone 12 64GB - Fully Unlocked - VERY GOOD Condition!! Unlocked!!,$210.99,$599.00,,https://www.ebay.com/itm/354233898171?_trkparms=5373%3A5000006400%7C5374%3ATech%7C5079%3A5000006400
2025-03-20 01:55:58,Apple iPhone 14 256GB Network Unlocked Excellent Condition,$402.50,$426.21,,https://www.ebay.com/itm/354233898171?_trkparms=5373%3A5000006400%7C5374%3ATech%7C5079%3A5000006400
2025-03-20 01:56:01,ASUS Zenfone V V520KL A006 32GB Verizon - Excellent,$41.95,$329.00,,https://www.ebay.com/itm/354233898171?_trkparms=5373%3A5000006400%7C5374%3ATech%7C5079%3A5000006400
2025-03-20 01:56:03,Samsung Galaxy J7 J727 16GB Verizon - Excellent,$47.95,$189.00,,https://www.ebay.com/itm/354233898171?_trkparms=5373%3A5000006400%7C5374%3ATech%7C5079%3A5000006400
2025-03-20 01:56:05,"HP Laptop AMD Ryzen 5 7530U 16GB 1 TB SSD 17.3"" Touchscreen W11H 17-cp3055cl",$399.99,$599.99,,https://www.ebay.com/itm/354233898171?_trkparms=5373%3A5000006400%7C5374%3ATech%7C5079%3A5000006400
2025-03-20 01:56:07,"Apple MacBook Pro 13"" Late 2020 M1 1TB SSD 16GB RAM Space Gray - Good",$649.99,,,https://www.ebay.com/itm/354233898171?_trkparms=5373%3A5000006400%7C5374%3ATech%7C5079%3A5000006400
2025-03-20 01:56:09,"Acer Aspire 3 Laptop 15.6"" 1TB AMD Ryzen 5 7520U 2.8GHz Certified Reburbished",$275.99,$499.99,,https://www.ebay.com/itm/354233898171?_trkparms=5373%3A5000006400%7C5374%3ATech%7C5079%3A5000006400
2025-03-20 01:56:11,Acer PredatorNeo Laptop 16 16GB 1TB NVIDIA GeForce RTX4060 Certified Refurbished,$960.99,"$2,371.82",,https://www.ebay.com/itm/354233898171?_trkparms=5373%3A5000006400%7C5374%3ATech%7C5079%3A5000006400
2025-03-20 01:56:13,"Apple MacBook Pro 2021 MS3-96w M1 Pro 16GB RAM 16"" 512GB SSD Very Good",$899.00,"$1,499.00",,https://www.ebay.com/itm/354233898171?_trkparms=5373%3A5000006400%7C5374%3ATech%7C5079%3A5000006400
2025-03-20 01:56:15,LG 55-Inch Class OLED evo G4 Series 4K TV with webOS 24,"$1,499.00","$3,199.95",,https://www.ebay.com/itm/354233898171?_trkparms=5373%3A5000006400%7C5374%3ATech%7C5079%3A5000006400
2025-03-20 01:56:17,Samsung Music Frame Dolby Atmos Picture Frame/Smart Speaker,$183.00,$499.99,,https://www.ebay.com/itm/354233898171?_trkparms=5373%3A5000006400%7C5374%3ATech%7C5079%3A5000006400
2025-03-20 01:56:20,LG 77-Inch Class OLED evo C4 Series TV with webOS 24,"$1,856.00","$4,199.95",,https://www.ebay.com/itm/354233898171?_trkparms=5373%3A5000006400%7C5374%3ATech%7C5079%3A5000006400
2025-03-20 01:56:22,BenQ GP500 4K HDR LED Smart Home Theater Projector 1500 Lm Auto Focus 1.3x zoom,$734.00,"$1,799.00",,https://www.ebay.com/itm/354233898171?_trkparms=5373%3A5000006400%7C5374%3ATech%7C5079%3A5000006400
2025-03-20 01:56:24,BenQ X300G 2000lm 4K Portable Gaming Projector 4ms Short Throw 3D Auto Keystone,$947.00,"$1,499.99",,https://www.ebay.com/itm/354233898171?_trkparms=5373%3A5000006400%7C5374%3ATech%7C5079%3A5000006400
2025-03-20 01:56:26,DJI Mavic 3 Classic Fly More Pro Vlogger -2 Battery Combo (DJI RC) Drone-CRB,"$1,499.00","$1,899.00",,https://www.ebay.com/itm/354233898171?_trkparms=5373%3A5000006400%7C5374%3ATech%7C5079%3A5000006400
2025-03-20 01:56:28,DJI Mini 3 Pro Fly More Vlogger Combo (DJI RC ) Drone 4k,$937.00,"$1,249.00",,https://www.ebay.com/itm/354233898171?_trkparms=5373%3A5000006400%7C5374%3ATech%7C5079%3A5000006400
2025-03-20 01:56:30,Samsung Music Frame Dolby Atmos Picture Frame/Smart Speaker,$183.00,$499.99,,https://www.ebay.com/itm/354233898171?_trkparms=5373%3A5000006400%7C5374%3ATech%7C5079%3A5000006400
2025-03-20 05:24:19,"2020 Apple iPad 8 10.2"" Display 32GB WiFi Only MYL92LL/A Space Gray - Very Good",$143.99,$329.00,,https://www.ebay.com/itm/354233898171?_trkparms=5373%3A5000006400%7C5374%3ATech%7C5079%3A5000006400
2025-03-20 05:24:22,"Seagate IronWolf 12TB 7200RPM SATA 6Gb/s 256MB 3.5"" NAS Hard Drive ST12000VN0007",$133.99,$189.99,,https://www.ebay.com/itm/354233898171?_trkparms=5373%3A5000006400%7C5374%3ATech%7C5079%3A5000006400
2025-03-20 05:24:24,Samsung Galaxy Watch 6 Classic 43mm Bluetooth R950 - Excellent,$99.99,$159.99,,https://www.ebay.com/itm/354233898171?_trkparms=5373%3A5000006400%7C5374%3ATech%7C5079%3A5000006400
2025-03-20 05:24:26,Logitech - G CLOUD Gaming Handheld Console - White,$164.99,$349.99,,https://www.ebay.com/itm/354233898171?_trkparms=5373%3A5000006400%7C5374%3ATech%7C5079%3A5000006400
2025-03-20 05:24:28,"1 Year Warranty MacBook Pro 16"" M1 Max 2021 3.20GHz/64GB/1TB/24-Core GPU - A2485","$1,489.99","$2,699.00",,https://www.ebay.com/itm/354233898171?_trkparms=5373%3A5000006400%7C5374%3ATech%7C5079%3A5000006400
2025-03-20 05:24:30,Samsung Galaxy S22+ 5G SM-S906U1 128GB 256GB Unlocked Very Good Refurbished,$234.95,"$1,199.99",,https://www.ebay.com/itm/354233898171?_trkparms=5373%3A5000006400%7C5374%3ATech%7C5079%3A5000006400
2025-03-20 05:24:32,"HP ENVY Laptop Intel Core Ultra 7 155U RTX 3050 32GB RAM 1TB SSD 17.3"" FHD W11H",$769.99,"$1,099.99",,https://www.ebay.com/itm/354233898171?_trkparms=5373%3A5000006400%7C5374%3ATech%7C5079%3A5000006400
2025-03-20 05:24:34,Apple iPhone 16 Pro Max 256GB Unlocked Excellent Condition,$969.99,"$1,699.00",,https://www.ebay.com/itm/354233898171?_trkparms=5373%3A5000006400%7C5374%3ATech%7C5079%3A5000006400
2025-03-20 05:24:36,Apple iPhone 14 Pro Max 256GB Unlocked Very Good Condition,$539.99,"$1,199.00",,https://www.ebay.com/itm/354233898171?_trkparms=5373%3A5000006400%7C5374%3ATech%7C5079%3A5000006400
2025-03-20 05:24:38,Apple iPhone 14 Pro A2650 128GB Network Unlocked Very Good Condition,$414.99,$899.00,,https://www.ebay.com/itm/354233898171?_trkparms=5373%3A5000006400%7C5374%3ATech%7C5079%3A5000006400
2025-03-20 05:24:41,Apple iPhone 14 Pro Max 128GB Network Unlocked Very Good Condition,$509.99,"$1,099.00",,https://www.ebay.com/itm/354233898171?_trkparms=5373%3A5000006400%7C5374%3ATech%7C5079%3A5000006400
2025-03-20 05:24:43,Sony WF-1000XM5 Truly Wireless Bluetooth Noise Canceling Headphones - Black,$112.99,$299.99,,https://www.ebay.com/itm/354233898171?_trkparms=5373%3A5000006400%7C5374%3ATech%7C5079%3A5000006400
2025-03-20 05:24:45,Apple iPhone 14 256GB Factory Unlocked AT&T T-Mobile Verizon Very Good Condition,$369.95,$899.00,,https://www.ebay.com/itm/354233898171?_trkparms=5373%3A5000006400%7C5374%3ATech%7C5079%3A5000006400
2025-03-20 05:24:47,Apple iPhone 12 64GB - Fully Unlocked - VERY GOOD Condition!! Unlocked!!,$210.99,$599.00,,https://www.ebay.com/itm/354233898171?_trkparms=5373%3A5000006400%7C5374%3ATech%7C5079%3A5000006400
2025-03-20 05:24:49,Apple iPhone 14 256GB Network Unlocked Excellent Condition,$402.50,$426.21,,https://www.ebay.com/itm/354233898171?_trkparms=5373%3A5000006400%7C5374%3ATech%7C5079%3A5000006400
2025-03-20 05:24:51,ASUS Zenfone V V520KL A006 32GB Verizon - Excellent,$41.95,$329.00,,https://www.ebay.com/itm/354233898171?_trkparms=5373%3A5000006400%7C5374%3ATech%7C5079%3A5000006400
2025-03-20 05:24:53,Samsung Galaxy J7 J727 16GB Verizon - Excellent,$47.95,$189.00,,https://www.ebay.com/itm/354233898171?_trkparms=5373%3A5000006400%7C5374%3ATech%7C5079%3A5000006400
2025-03-20 05:24:55,"HP Laptop AMD Ryzen 5 7530U 16GB 1 TB SSD 17.3"" Touchscreen W11H 17-cp3055cl",$399.99,$599.99,,https://www.ebay.com/itm/354233898171?_trkparms=5373%3A5000006400%7C5374%3ATech%7C5079%3A5000006400
2025-03-20 05:24:57,"Apple MacBook Pro 13"" Late 2020 M1 1TB SSD 16GB RAM Space Gray - Good",$649.99,,,https://www.ebay.com/itm/354233898171?_trkparms=5373%3A5000006400%7C5374%3ATech%7C5079%3A5000006400
2025-03-20 05:25:00,"Acer Aspire 3 Laptop 15.6"" 1TB AMD Ryzen 5 7520U 2.8GHz Certified Reburbished",$275.99,$499.99,,https://www.ebay.com/itm/354233898171?_trkparms=5373%3A5000006400%7C5374%3ATech%7C5079%3A5000006400
2025-03-20 05:25:02,Acer PredatorNeo Laptop 16 16GB 1TB NVIDIA GeForce RTX4060 Certified Refurbished,$960.99,"$2,371.82",,https://www.ebay.com/itm/354233898171?_trkparms=5373%3A5000006400%7C5374%3ATech%7C5079%3A5000006400
2025-03-20 05:25:04,"Apple MacBook Pro 2021 MS3-96w M1 Pro 16GB RAM 16"" 512GB SSD Very Good",$899.00,"$1,499.00",,https://www.ebay.com/itm/354233898171?_trkparms=5373%3A5000006400%7C5374%3ATech%7C5079%3A5000006400
2025-03-20 05:25:06,LG 55-Inch Class OLED evo G4 Series 4K TV with webOS 24,"$1,499.00","$3,199.95",,https://www.ebay.com/itm/354233898171?_trkparms=5373%3A5000006400%7C5374%3ATech%7C5079%3A5000006400
2025-03-20 05:25:08,Samsung Music Frame Dolby Atmos Picture Frame/Smart Speaker,$183.00,$499.99,,https://www.ebay.com/itm/354233898171?_trkparms=5373%3A5000006400%7C5374%3ATech%7C5079%3A5000006400
2025-03-20 05:25:10,LG 77-Inch Class OLED evo C4 Series TV with webOS 24,"$1,856.00","$4,199.95",,https://www.ebay.com/itm/354233898171?_trkparms=5373%3A5000006400%7C5374%3ATech%7C5079%3A5000006400
2025-03-20 05:25:12,BenQ GP500 4K HDR LED Smart Home Theater Projector 1500 Lm Auto Focus 1.3x zoom,$734.00,"$1,799.00",,https://www.ebay.com/itm/354233898171?_trkparms=5373%3A5000006400%7C5374%3ATech%7C5079%3A5000006400
2025-03-20 05:25:14,BenQ X300G 2000lm 4K Portable Gaming Projector 4ms Short Throw 3D Auto Keystone,$947.00,"$1,499.99",,https://www.ebay.com/itm/354233898171?_trkparms=5373%3A5000006400%7C5374%3ATech%7C5079%3A5000006400
2025-03-20 05:25:17,DJI Mavic 3 Classic Fly More Pro Vlogger -2 Battery Combo (DJI RC) Drone-CRB,"$1,499.00","$1,899.00",,https://www.ebay.com/itm/354233898171?_trkparms=5373%3A5000006400%7C5374%3ATech%7C5079%3A5000006400
2025-03-20 05:25:19,DJI Mini 3 Pro Fly More Vlogger Combo (DJI RC ) Drone 4k,$937.00,"$1,249.00",,https://www.ebay.com/itm/354233898171?_trkparms=5373%3A5000006400%7C5374%3ATech%7C5079%3A5000006400
2025-03-20 05:25:21,Samsung Music Frame Dolby Atmos Picture Frame/Smart Speaker,$183.00,$499.99,,https://www.ebay.com/itm/354233898171?_trkparms=5373%3A5000006400%7C5374%3ATech%7C5079%3A5000006400
2025-03-20 10:27:42,"2020 Apple iPad 8 10.2"" Display 32GB WiFi Only MYL92LL/A Space Gray - Very Good",$143.99,$329.00,,https://www.ebay.com/itm/354233898171?_trkparms=5373%3A5000006400%7C5374%3ATech%7C5079%3A5000006400
2025-03-20 10:27:44,"Seagate IronWolf 12TB 7200RPM SATA 6Gb/s 256MB 3.5"" NAS Hard Drive ST12000VN0007",$133.99,$189.99,,https://www.ebay.com/itm/354233898171?_trkparms=5373%3A5000006400%7C5374%3ATech%7C5079%3A5000006400
2025-03-20 10:27:46,Samsung Galaxy Watch 6 Classic 43mm Bluetooth R950 - Excellent,$99.99,$159.99,,https://www.ebay.com/itm/354233898171?_trkparms=5373%3A5000006400%7C5374%3ATech%7C5079%3A5000006400
2025-03-20 10:27:48,Logitech - G CLOUD Gaming Handheld Console - White,$164.99,$349.99,,https://www.ebay.com/itm/354233898171?_trkparms=5373%3A5000006400%7C5374%3ATech%7C5079%3A5000006400
2025-03-20 10:27:50,"1 Year Warranty MacBook Pro 16"" M1 Max 2021 3.20GHz/64GB/1TB/24-Core GPU - A2485","$1,489.99","$2,699.00",,https://www.ebay.com/itm/354233898171?_trkparms=5373%3A5000006400%7C5374%3ATech%7C5079%3A5000006400
2025-03-20 10:27:52,Samsung Galaxy S22+ 5G SM-S906U1 128GB 256GB Unlocked Very Good Refurbished,$234.95,"$1,199.99",,https://www.ebay.com/itm/354233898171?_trkparms=5373%3A5000006400%7C5374%3ATech%7C5079%3A5000006400
2025-03-20 10:27:54,"HP ENVY Laptop Intel Core Ultra 7 155U RTX 3050 32GB RAM 1TB SSD 17.3"" FHD W11H",$769.99,"$1,099.99",,https://www.ebay.com/itm/354233898171?_trkparms=5373%3A5000006400%7C5374%3ATech%7C5079%3A5000006400
2025-03-20 10:27:57,"Lenovo - IdeaPad Slim 3 Chromebook Laptop - 14"" FHD Touchscreen Laptop - Medi...",,$319.00,,https://www.ebay.com/itm/354233898171?_trkparms=5373%3A5000006400%7C5374%3ATech%7C5079%3A5000006400
2025-03-20 10:27:59,Apple iPhone 14 Pro Max 256GB Unlocked Very Good Condition,$539.99,"$1,199.00",,https://www.ebay.com/itm/354233898171?_trkparms=5373%3A5000006400%7C5374%3ATech%7C5079%3A5000006400
2025-03-20 10:28:01,Apple iPhone 14 Pro Max 128GB Network Unlocked Very Good Condition,$509.99,"$1,099.00",,https://www.ebay.com/itm/354233898171?_trkparms=5373%3A5000006400%7C5374%3ATech%7C5079%3A5000006400
2025-03-20 10:28:03,"Aura Studio 3, Wireless speaker with beautiful Harman Kardon sound",$99.95,$299.95,,https://www.ebay.com/itm/354233898171?_trkparms=5373%3A5000006400%7C5374%3ATech%7C5079%3A5000006400
2025-03-20 10:28:05,Seagate Exos 26TB 7.2K RPM SATA 6GB/s 512e CMR 3.5in Enterprise HDD - ST26000NM0,$299.45,$319.99,,https://www.ebay.com/itm/354233898171?_trkparms=5373%3A5000006400%7C5374%3ATech%7C5079%3A5000006400
2025-03-20 10:28:07,Apple iPhone 14 256GB Factory Unlocked AT&T T-Mobile Verizon Very Good Condition,$369.95,$899.00,,https://www.ebay.com/itm/354233898171?_trkparms=5373%3A5000006400%7C5374%3ATech%7C5079%3A5000006400
2025-03-20 10:28:09,Apple iPhone 12 64GB - Fully Unlocked - VERY GOOD Condition!! Unlocked!!,$210.99,$599.00,,https://www.ebay.com/itm/354233898171?_trkparms=5373%3A5000006400%7C5374%3ATech%7C5079%3A5000006400
2025-03-20 10:28:11,Apple iPhone 14 256GB Network Unlocked Excellent Condition,$402.50,$426.21,,https://www.ebay.com/itm/354233898171?_trkparms=5373%3A5000006400%7C5374%3ATech%7C5079%3A5000006400
2025-03-20 10:28:13,ASUS Zenfone V V520KL A006 32GB Verizon - Excellent,$41.95,$329.00,,https://www.ebay.com/itm/354233898171?_trkparms=5373%3A5000006400%7C5374%3ATech%7C5079%3A5000006400
2025-03-20 10:28:16,Samsung Galaxy J7 J727 16GB Verizon - Excellent,$47.95,$189.00,,https://www.ebay.com/itm/354233898171?_trkparms=5373%3A5000006400%7C5374%3ATech%7C5079%3A5000006400
2025-03-20 10:28:18,"HP Laptop AMD Ryzen 5 7530U 16GB 1 TB SSD 17.3"" Touchscreen W11H 17-cp3055cl",$399.99,$599.99,,https://www.ebay.com/itm/354233898171?_trkparms=5373%3A5000006400%7C5374%3ATech%7C5079%3A5000006400
2025-03-20 10:28:20,"Apple MacBook Pro 13"" Late 2020 M1 1TB SSD 16GB RAM Space Gray - Good",$649.99,,,https://www.ebay.com/itm/354233898171?_trkparms=5373%3A5000006400%7C5374%3ATech%7C5079%3A5000006400
2025-03-20 10:28:22,"Acer Aspire 3 Laptop 15.6"" 1TB AMD Ryzen 5 7520U 2.8GHz Certified Reburbished",$275.99,$499.99,,https://www.ebay.com/itm/354233898171?_trkparms=5373%3A5000006400%7C5374%3ATech%7C5079%3A5000006400
2025-03-20 10:28:24,Acer PredatorNeo Laptop 16 16GB 1TB NVIDIA GeForce RTX4060 Certified Refurbished,$960.99,"$2,371.82",,https://www.ebay.com/itm/354233898171?_trkparms=5373%3A5000006400%7C5374%3ATech%7C5079%3A5000006400
2025-03-20 10:28:26,"Apple MacBook Pro 2021 MS3-96w M1 Pro 16GB RAM 16"" 512GB SSD Very Good",$899.00,"$1,499.00",,https://www.ebay.com/itm/354233898171?_trkparms=5373%3A5000006400%7C5374%3ATech%7C5079%3A5000006400
2025-03-20 10:28:28,LG 55-Inch Class OLED evo G4 Series 4K TV with webOS 24,"$1,499.00","$3,199.95",,https://www.ebay.com/itm/354233898171?_trkparms=5373%3A5000006400%7C5374%3ATech%7C5079%3A5000006400
2025-03-20 10:28:30,Samsung Music Frame Dolby Atmos Picture Frame/Smart Speaker,$183.00,$499.99,,https://www.ebay.com/itm/354233898171?_trkparms=5373%3A5000006400%7C5374%3ATech%7C5079%3A5000006400
2025-03-20 10:28:33,LG 77-Inch Class OLED evo C4 Series TV with webOS 24,"$1,856.00","$4,199.95",,https://www.ebay.com/itm/354233898171?_trkparms=5373%3A5000006400%7C5374%3ATech%7C5079%3A5000006400
2025-03-20 10:28:35,BenQ GP500 4K HDR LED Smart Home Theater Projector 1500 Lm Auto Focus 1.3x zoom,$734.00,"$1,799.00",,https://www.ebay.com/itm/354233898171?_trkparms=5373%3A5000006400%7C5374%3ATech%7C5079%3A5000006400
2025-03-20 10:28:37,BenQ X300G 2000lm 4K Portable Gaming Projector 4ms Short Throw 3D Auto Keystone,$947.00,"$1,499.99",,https://www.ebay.com/itm/354233898171?_trkparms=5373%3A5000006400%7C5374%3ATech%7C5079%3A5000006400
2025-03-20 10:28:39,DJI Mavic 3 Classic Fly More Pro Vlogger -2 Battery Combo (DJI RC) Drone-CRB,"$1,499.00","$1,899.00",,https://www.ebay.com/itm/354233898171?_trkparms=5373%3A5000006400%7C5374%3ATech%7C5079%3A5000006400
2025-03-20 10:28:41,DJI Mini 3 Pro Fly More Vlogger Combo (DJI RC ) Drone 4k,$937.00,"$1,249.00",,https://www.ebay.com/itm/354233898171?_trkparms=5373%3A5000006400%7C5374%3ATech%7C5079%3A5000006400
2025-03-20 10:28:43,Samsung Music Frame Dolby Atmos Picture Frame/Smart Speaker,$183.00,$499.99,,https://www.ebay.com/itm/354233898171?_trkparms=5373%3A5000006400%7C5374%3ATech%7C5079%3A5000006400
2025-03-20 15:27:46,Seagate Exos 24TB SATA HDD ST24000NM000C 7.2K RPM 6Gb/s 512e 3.5in 512MB,$271.99,$299.99,,https://www.ebay.com/itm/305641833470?_trkparms=5373%3A5000006400%7C5374%3ATech%7C5079%3A5000006400
2025-03-20 15:27:48,Nikon PROSTAFF P3 10x42 Waterproof Fogproof Drop Resistant Black Binocular,$102.00,$189.99,,https://www.ebay.com/itm/305641833470?_trkparms=5373%3A5000006400%7C5374%3ATech%7C5079%3A5000006400
2025-03-20 15:27:50,Samsung Galaxy S21 Plus 5G G996 128GB Unlocked - Excellent,$204.95,$999.99,,https://www.ebay.com/itm/305641833470?_trkparms=5373%3A5000006400%7C5374%3ATech%7C5079%3A5000006400
2025-03-20 15:27:53,"Acer Aspire 3 Laptop 15.6"" 1TB AMD Ryzen 5 7520U 2.8GHz Certified Reburbished",$275.99,$499.99,,https://www.ebay.com/itm/305641833470?_trkparms=5373%3A5000006400%7C5374%3ATech%7C5079%3A5000006400
2025-03-20 15:27:55,"DS18 Car Speakers Package 4x Speakers 6.5"" Mid Range & 4x Super Bullet Tweeters",$147.95,,,https://www.ebay.com/itm/305641833470?_trkparms=5373%3A5000006400%7C5374%3ATech%7C5079%3A5000006400
2025-03-20 15:27:57,"SGIN 10.1"" Tablet Android 13 128GB ROM 4GB RAM WIFI Quad-Core Tablet Dual Camera",$57.49,$239.96,,https://www.ebay.com/itm/305641833470?_trkparms=5373%3A5000006400%7C5374%3ATech%7C5079%3A5000006400
2025-03-20 15:27:59,Apple Watch Series SE (2nd Gen) 40mm GPS + WiFi + Cellular Unlocked - Excellent,$137.99,$299.99,,https://www.ebay.com/itm/305641833470?_trkparms=5373%3A5000006400%7C5374%3ATech%7C5079%3A5000006400
2025-03-20 15:28:01,Apple iPhone 14 Pro Max 256GB Unlocked Very Good Condition,$539.99,"$1,199.00",,https://www.ebay.com/itm/305641833470?_trkparms=5373%3A5000006400%7C5374%3ATech%7C5079%3A5000006400
2025-03-20 15:28:03,"Seagate Exos X20 20TB 7.2K RPM SATA 6Gb/s 3.5"" Enterprise HDD - ST20000NM007D",$232.99,$259.99,,https://www.ebay.com/itm/305641833470?_trkparms=5373%3A5000006400%7C5374%3ATech%7C5079%3A5000006400
2025-03-20 15:28:05,Apple iPhone 14 Pro Max 128GB Network Unlocked Very Good Condition,$509.99,"$1,099.00",,https://www.ebay.com/itm/305641833470?_trkparms=5373%3A5000006400%7C5374%3ATech%7C5079%3A5000006400
2025-03-20 15:28:07,Apple iPhone 13 A2482 128GB Network Unlocked Very Good Condition,$259.99,$699.00,,https://www.ebay.com/itm/305641833470?_trkparms=5373%3A5000006400%7C5374%3ATech%7C5079%3A5000006400
2025-03-20 15:28:09,Apple iPhone 14 Pro A2650 256GB Unlocked Very Good Condition,$439.99,$999.00,,https://www.ebay.com/itm/305641833470?_trkparms=5373%3A5000006400%7C5374%3ATech%7C5079%3A5000006400
2025-03-20 15:28:12,Samsung Galaxy S22+ 5G SM-S906U1 128GB 256GB Unlocked Very Good Refurbished,$234.95,"$1,199.99",,https://www.ebay.com/itm/305641833470?_trkparms=5373%3A5000006400%7C5374%3ATech%7C5079%3A5000006400
2025-03-20 15:28:14,Apple iPhone 14 256GB Factory Unlocked AT&T T-Mobile Verizon Very Good Condition,$369.95,$899.00,,https://www.ebay.com/itm/305641833470?_trkparms=5373%3A5000006400%7C5374%3ATech%7C5079%3A5000006400
2025-03-20 15:28:16,Apple iPhone 12 64GB - Fully Unlocked - VERY GOOD Condition!! Unlocked!!,$210.99,$599.00,,https://www.ebay.com/itm/305641833470?_trkparms=5373%3A5000006400%7C5374%3ATech%7C5079%3A5000006400
2025-03-20 15:28:18,Apple iPhone 14 256GB Network Unlocked Excellent Condition,$402.50,$426.21,,https://www.ebay.com/itm/305641833470?_trkparms=5373%3A5000006400%7C5374%3ATech%7C5079%3A5000006400
2025-03-20 15:28:20,ASUS Zenfone V V520KL A006 32GB Verizon - Excellent,$41.95,$329.00,,https://www.ebay.com/itm/305641833470?_trkparms=5373%3A5000006400%7C5374%3ATech%7C5079%3A5000006400
2025-03-20 15:28:22,"1 Year Warranty MacBook Pro 16"" M1 Max 2021 3.20GHz/64GB/1TB/24-Core GPU - A2485","$1,489.99","$2,699.00",,https://www.ebay.com/itm/305641833470?_trkparms=5373%3A5000006400%7C5374%3ATech%7C5079%3A5000006400
2025-03-20 15:28:24,"HP ENVY Laptop Intel Core Ultra 7 155U RTX 3050 32GB RAM 1TB SSD 17.3"" FHD W11H",$769.99,"$1,099.99",,https://www.ebay.com/itm/305641833470?_trkparms=5373%3A5000006400%7C5374%3ATech%7C5079%3A5000006400
2025-03-20 15:28:26,"HP Laptop AMD Ryzen 5 7530U 16GB 1 TB SSD 17.3"" Touchscreen W11H 17-cp3055cl",$399.99,$599.99,,https://www.ebay.com/itm/305641833470?_trkparms=5373%3A5000006400%7C5374%3ATech%7C5079%3A5000006400
2025-03-20 15:28:29,"Apple MacBook Pro 13"" Late 2020 M1 1TB SSD 16GB RAM Space Gray - Good",$649.99,,,https://www.ebay.com/itm/305641833470?_trkparms=5373%3A5000006400%7C5374%3ATech%7C5079%3A5000006400
2025-03-20 15:28:31,"Apple MacBook Pro 2021 MS3-96w M1 Pro 16GB RAM 16"" 512GB SSD Very Good",$889.00,"$1,499.00",,https://www.ebay.com/itm/305641833470?_trkparms=5373%3A5000006400%7C5374%3ATech%7C5079%3A5000006400
2025-03-20 15:28:33,LG 55-Inch Class OLED evo G4 Series 4K TV with webOS 24,"$1,499.00","$3,199.95",,https://www.ebay.com/itm/305641833470?_trkparms=5373%3A5000006400%7C5374%3ATech%7C5079%3A5000006400
2025-03-20 15:28:35,Samsung Music Frame Dolby Atmos Picture Frame/Smart Speaker,$183.00,$499.99,,https://www.ebay.com/itm/305641833470?_trkparms=5373%3A5000006400%7C5374%3ATech%7C5079%3A5000006400
2025-03-20 15:28:37,LG 77-Inch Class OLED evo C4 Series TV with webOS 24,"$1,856.00","$4,199.95",,https://www.ebay.com/itm/305641833470?_trkparms=5373%3A5000006400%7C5374%3ATech%7C5079%3A5000006400
2025-03-20 15:28:39,BenQ GP500 4K HDR LED Smart Home Theater Projector 1500 Lm Auto Focus 1.3x zoom,$734.00,"$1,799.00",,https://www.ebay.com/itm/305641833470?_trkparms=5373%3A5000006400%7C5374%3ATech%7C5079%3A5000006400
2025-03-20 15:28:41,BenQ X300G 2000lm 4K Portable Gaming Projector 4ms Short Throw 3D Auto Keystone,$947.00,"$1,499.99",,https://www.ebay.com/itm/305641833470?_trkparms=5373%3A5000006400%7C5374%3ATech%7C5079%3A5000006400
2025-03-20 15:28:43,DJI Mavic 3 Classic Fly More Pro Vlogger -2 Battery Combo (DJI RC) Drone-CRB,"$1,499.00","$1,899.00",,https://www.ebay.com/itm/305641833470?_trkparms=5373%3A5000006400%7C5374%3ATech%7C5079%3A5000006400
2025-03-20 15:28:45,DJI Mini 3 Pro Fly More Vlogger Combo (DJI RC ) Drone 4k,$937.00,"$1,249.00",,https://www.ebay.com/itm/305641833470?_trkparms=5373%3A5000006400%7C5374%3ATech%7C5079%3A5000006400
2025-03-20 15:28:48,Samsung Music Frame Dolby Atmos Picture Frame/Smart Speaker,$183.00,$499.99,,https://www.ebay.com/itm/305641833470?_trkparms=5373%3A5000006400%7C5374%3ATech%7C5079%3A5000006400
2025-03-20 20:26:45,Seagate Exos 24TB SATA HDD ST24000NM000C 7.2K RPM 6Gb/s 512e 3.5in 512MB,$271.99,$299.99,Free shipping,https://www.ebay.com/itm/305641833470?_trkparms=5373%3A5000006400%7C5374%3ATech%7C5079%3A5000006400
2025-03-20 20:26:45,Apple iPhone 13 A2482 128GB Network Unlocked Very Good Condition,"$259.99
See all trending deals",$699.00,Free shipping,https://www.ebay.com/itm/305641833470?_trkparms=5373%3A5000006400%7C5374%3ATech%7C5079%3A5000006400
2025-03-20 20:26:45,Apple iPhone 14 Pro Max 256GB Unlocked Very Good Condition,"$539.99
See all trending deals","$1,199.00",Free shipping,https://www.ebay.com/itm/305641833470?_trkparms=5373%3A5000006400%7C5374%3ATech%7C5079%3A5000006400
2025-03-20 20:26:45,Apple iPhone 14 Pro A2650 128GB Network Unlocked Very Good Condition,"$414.99
See all trending deals",$899.00,Free shipping,https://www.ebay.com/itm/305641833470?_trkparms=5373%3A5000006400%7C5374%3ATech%7C5079%3A5000006400
2025-03-20 20:26:45,Apple iPhone 14 128GB Network Unlocked Very Good Condition,"$304.99
See all trending deals",$749.00,Free shipping,https://www.ebay.com/itm/305641833470?_trkparms=5373%3A5000006400%7C5374%3ATech%7C5079%3A5000006400
2025-03-20 20:26:45,Apple iPhone 14 Pro Max 128GB Network Unlocked Very Good Condition,"$509.99
See all trending deals","$1,099.00",Free shipping,https://www.ebay.com/itm/305641833470?_trkparms=5373%3A5000006400%7C5374%3ATech%7C5079%3A5000006400
2025-03-20 20:26:45,Apple iPhone 16 Pro Max 256GB Unlocked Excellent Condition,"$969.99
See all trending deals","$1,699.00",Free shipping,https://www.ebay.com/itm/305641833470?_trkparms=5373%3A5000006400%7C5374%3ATech%7C5079%3A5000006400
2025-03-20 20:26:45,"DELL Latitude 5490 Laptop Intel Core i5-8350U 16GB RAM 256GB SSD 14"" W11P","$169.99
See all trending deals",$249.99,Free shipping,https://www.ebay.com/itm/305641833470?_trkparms=5373%3A5000006400%7C5374%3ATech%7C5079%3A5000006400
2025-03-20 20:26:45,"HP - Envy 2-in-1 14"" Full HD Touch-Screen Laptop - Intel Core 5 - 8GB Memory ...",,$799.99,Free shipping,https://www.ebay.com/itm/305641833470?_trkparms=5373%3A5000006400%7C5374%3ATech%7C5079%3A5000006400
2025-03-20 20:26:45,Apple iPhone 14 Pro A2650 256GB Unlocked Very Good Condition,"$439.99
See all trending deals",$999.00,Free shipping,https://www.ebay.com/itm/305641833470?_trkparms=5373%3A5000006400%7C5374%3ATech%7C5079%3A5000006400
2025-03-20 20:26:45,"Lenovo - Legion 7i 16"" Gaming Laptop WQXGA - Intel 14th Gen Core i7 with 16GB...",,"$1,699.99",Free shipping,https://www.ebay.com/itm/305641833470?_trkparms=5373%3A5000006400%7C5374%3ATech%7C5079%3A5000006400
2025-03-20 20:26:46,"Lenovo LOQ 15.6"" FHD 144Hz Gaming Laptop i5-12450HX 12GB RAM 512GB SSD RTX 3050","$599.99
See all trending deals",$880.99,Free shipping,https://www.ebay.com/itm/305641833470?_trkparms=5373%3A5000006400%7C5374%3ATech%7C5079%3A5000006400
2025-03-20 20:26:46,Apple iPhone 15 A2846 128GB Unlocked Very Good Condition,"$454.99
See all trending deals",$999.00,Free shipping,https://www.ebay.com/itm/305641833470?_trkparms=5373%3A5000006400%7C5374%3ATech%7C5079%3A5000006400
2025-03-20 20:26:46,"HP - Victus 16.1"" Gaming Laptop - AMD Ryzen 7-8845HS - 16GB DDR5 Memory - NVI...",,"$1,499.99",Free shipping,https://www.ebay.com/itm/305641833470?_trkparms=5373%3A5000006400%7C5374%3ATech%7C5079%3A5000006400
2025-03-20 20:26:46,Samsung Galaxy S21 5G 128GB G991U Unlocked - Good,"$149.99
See all trending deals",$799.99,Free shipping,https://www.ebay.com/itm/305641833470?_trkparms=5373%3A5000006400%7C5374%3ATech%7C5079%3A5000006400
2025-03-20 20:26:46,Samsung Galaxy S21 Ultra 5G 128GB G998U Unlocked - Excellent,"$259.99
See all trending deals","$1,199.99",Free shipping,https://www.ebay.com/itm/305641833470?_trkparms=5373%3A5000006400%7C5374%3ATech%7C5079%3A5000006400
2025-03-20 20:26:46,Apple iPhone 13 Pro 128GB Unlocked - Excellent,"$357.95
See all trending deals",$999.00,Free shipping,https://www.ebay.com/itm/305641833470?_trkparms=5373%3A5000006400%7C5374%3ATech%7C5079%3A5000006400
2025-03-20 20:26:46,"Acer Aspire5 Laptop 15.6"" 8GB 512GB Intel i5-13420H 2.1GHz Certified Reburbished","$275.99
See all trending deals",$599.99,Free shipping,https://www.ebay.com/itm/305641833470?_trkparms=5373%3A5000006400%7C5374%3ATech%7C5079%3A5000006400
2025-03-20 20:26:46,Apple iPhone 13 128GB Unlocked - Excellent,"$291.95
See all trending deals",$699.00,Free shipping,https://www.ebay.com/itm/305641833470?_trkparms=5373%3A5000006400%7C5374%3ATech%7C5079%3A5000006400
2025-03-20 20:26:46,"Lenovo LOQ-E 15.6"" FHD 144Hz Gaming Laptop i5-12450HX 8GB RAM 512GB SSD RTX 2050","$499.99
See all trending deals",$699.99,Free shipping,https://www.ebay.com/itm/305641833470?_trkparms=5373%3A5000006400%7C5374%3ATech%7C5079%3A5000006400
2025-03-20 20:26:46,Apple iPhone 13 Pro Max 256GB Unlocked - Excellent,"$464.95
See all trending deals","$1,199.00",Free shipping,https://www.ebay.com/itm/305641833470?_trkparms=5373%3A5000006400%7C5374%3ATech%7C5079%3A5000006400
2025-03-20 20:26:46,Samsung Galaxy S22 Ultra 5G S908U 128GB Unlocked - Good,"$329.99
See all trending deals",$499.99,Free shipping,https://www.ebay.com/itm/305641833470?_trkparms=5373%3A5000006400%7C5374%3ATech%7C5079%3A5000006400
2025-03-20 20:26:46,Samsung Galaxy S21 5G SM-G991U1 128GB Unlocked Excellent,"$189.98
See all trending deals",$999.99,Free shipping,https://www.ebay.com/itm/305641833470?_trkparms=5373%3A5000006400%7C5374%3ATech%7C5079%3A5000006400
2025-03-20 20:26:46,Apple iPhone 16 Plus 256GB Unlocked AT&T T-Mobile Verizon Excellent Condition,"$764.95
See all trending deals",$999.00,Free shipping,https://www.ebay.com/itm/305641833470?_trkparms=5373%3A5000006400%7C5374%3ATech%7C5079%3A5000006400
2025-03-20 20:26:46,Sony WF-1000XM5 Truly Wireless Bluetooth Noise Canceling Headphones - Black,"$112.99
See all trending deals",$299.99,Free shipping,https://www.ebay.com/itm/305641833470?_trkparms=5373%3A5000006400%7C5374%3ATech%7C5079%3A5000006400
2025-03-20 20:26:46,"Seagate Exos 28TB 7.2K RPM SATA 6Gb/s 3.5"" Enterprise HDD - ST28000NM000C","$334.99
See all trending deals",$379.99,Free shipping,https://www.ebay.com/itm/305641833470?_trkparms=5373%3A5000006400%7C5374%3ATech%7C5079%3A5000006400
2025-03-20 20:26:46,"Acer 315 Chromebook 15.6"" 64GB Intel Celeron N4500 1.1GHz Certified Refurbished","$101.19
See all trending deals",$279.99,Free shipping,https://www.ebay.com/itm/305641833470?_trkparms=5373%3A5000006400%7C5374%3ATech%7C5079%3A5000006400
2025-03-20 20:26:46,Google Pixel 6 Pro 128GB Unlocked - Good,"$164.99
See all trending deals",$899.99,Free shipping,https://www.ebay.com/itm/305641833470?_trkparms=5373%3A5000006400%7C5374%3ATech%7C5079%3A5000006400
2025-03-20 20:26:47,Samsung Galaxy S21+ 5G 128GB G996U Unlocked - Good,"$177.99
See all trending deals",$999.99,Free shipping,https://www.ebay.com/itm/305641833470?_trkparms=5373%3A5000006400%7C5374%3ATech%7C5079%3A5000006400
2025-03-20 20:26:47,Samsung Galaxy Note10+ SM-N975U Unlocked 256GB Aura Black Good,"$198.99
See all trending deals",$455.99,Free shipping,https://www.ebay.com/itm/305641833470?_trkparms=5373%3A5000006400%7C5374%3ATech%7C5079%3A5000006400
2025-03-21 01:57:15,Apple iPad 10th Gen 64GB Silver Wi-Fi MPQ03LL/A,$238.00,$449.00,N/A,https://www.ebay.com/itm/125772110133?_trkparms=5373%3A5000006400%7C5374%3ATech%7C5079%3A5000006400
2025-03-21 01:57:17,"Acer Aspire 3 Laptop 15.6"" 1TB AMD Ryzen 5 7520U 2.8GHz Certified Reburbished",$275.99,$499.99,N/A,https://www.ebay.com/itm/125772110133?_trkparms=5373%3A5000006400%7C5374%3ATech%7C5079%3A5000006400
2025-03-21 01:57:19,Samsung Galaxy Watch4 Classic 46mm R890 GPS - Very Good,$49.99,$379.99,N/A,https://www.ebay.com/itm/125772110133?_trkparms=5373%3A5000006400%7C5374%3ATech%7C5079%3A5000006400
2025-03-21 01:57:21,"Sony Bravia XR 65"" X90L 4K HDR Full Array LED Smart TV XR65X90L",$759.00,"$1,599.99",N/A,https://www.ebay.com/itm/125772110133?_trkparms=5373%3A5000006400%7C5374%3ATech%7C5079%3A5000006400
2025-03-21 01:57:24,Nikon PROSTAFF P3 10x42 Waterproof Fogproof Drop Resistant Black Binocular,$102.00,$189.99,N/A,https://www.ebay.com/itm/125772110133?_trkparms=5373%3A5000006400%7C5374%3ATech%7C5079%3A5000006400
2025-03-21 01:57:26,Onkyo TX-SR3100 5.2 Channel A/V Receiver,$261.00,$499.99,N/A,https://www.ebay.com/itm/125772110133?_trkparms=5373%3A5000006400%7C5374%3ATech%7C5079%3A5000006400
2025-03-21 01:57:28,Apple iPhone 13 mini 128GB Factory Unlocked AT&T T-Mobile Verizon Very Good,$264.95,$699.00,N/A,https://www.ebay.com/itm/125772110133?_trkparms=5373%3A5000006400%7C5374%3ATech%7C5079%3A5000006400
2025-03-21 01:57:30,Apple iPhone 14 Pro Max 256GB Unlocked Very Good Condition,$539.99,"$1,199.00",N/A,https://www.ebay.com/itm/125772110133?_trkparms=5373%3A5000006400%7C5374%3ATech%7C5079%3A5000006400
2025-03-21 01:57:32,Apple iPhone 14 Pro Max 128GB Network Unlocked Very Good Condition,$509.99,"$1,099.00",N/A,https://www.ebay.com/itm/125772110133?_trkparms=5373%3A5000006400%7C5374%3ATech%7C5079%3A5000006400
2025-03-21 01:57:34,Apple iPhone 13 A2482 128GB Network Unlocked Very Good Condition,$259.99,$699.00,N/A,https://www.ebay.com/itm/125772110133?_trkparms=5373%3A5000006400%7C5374%3ATech%7C5079%3A5000006400
2025-03-21 01:57:36,Apple iPhone 16 Pro Max 256GB Unlocked Excellent Condition,$969.99,"$1,699.00",N/A,https://www.ebay.com/itm/125772110133?_trkparms=5373%3A5000006400%7C5374%3ATech%7C5079%3A5000006400
2025-03-21 01:57:38,Samsung Galaxy S22+ 5G SM-S906U1 128GB 256GB Unlocked Very Good Refurbished,$234.95,"$1,199.99",N/A,https://www.ebay.com/itm/125772110133?_trkparms=5373%3A5000006400%7C5374%3ATech%7C5079%3A5000006400
2025-03-21 01:57:40,Apple iPhone 14 256GB Factory Unlocked AT&T T-Mobile Verizon Very Good Condition,$369.95,$899.00,N/A,https://www.ebay.com/itm/125772110133?_trkparms=5373%3A5000006400%7C5374%3ATech%7C5079%3A5000006400
2025-03-21 01:57:43,Apple iPhone 12 64GB - Fully Unlocked - VERY GOOD Condition!! Unlocked!!,$210.99,$599.00,N/A,https://www.ebay.com/itm/125772110133?_trkparms=5373%3A5000006400%7C5374%3ATech%7C5079%3A5000006400
2025-03-21 01:57:45,Apple iPhone 14 256GB Network Unlocked Excellent Condition,$397.15,$426.21,N/A,https://www.ebay.com/itm/125772110133?_trkparms=5373%3A5000006400%7C5374%3ATech%7C5079%3A5000006400
2025-03-21 01:57:47,ASUS Zenfone V V520KL A006 32GB Verizon - Excellent,$41.95,$329.00,N/A,https://www.ebay.com/itm/125772110133?_trkparms=5373%3A5000006400%7C5374%3ATech%7C5079%3A5000006400
2025-03-21 01:57:49,"1 Year Warranty MacBook Pro 16"" M1 Max 2021 3.20GHz/64GB/1TB/24-Core GPU - A2485","$1,489.99","$2,699.00",N/A,https://www.ebay.com/itm/125772110133?_trkparms=5373%3A5000006400%7C5374%3ATech%7C5079%3A5000006400
2025-03-21 01:57:51,"HP ENVY Laptop Intel Core Ultra 7 155U RTX 3050 32GB RAM 1TB SSD 17.3"" FHD W11H",$769.99,"$1,099.99",N/A,https://www.ebay.com/itm/125772110133?_trkparms=5373%3A5000006400%7C5374%3ATech%7C5079%3A5000006400
2025-03-21 01:57:53,"HP Laptop AMD Ryzen 5 7530U 16GB 1 TB SSD 17.3"" Touchscreen W11H 17-cp3055cl",$399.99,$599.99,N/A,https://www.ebay.com/itm/125772110133?_trkparms=5373%3A5000006400%7C5374%3ATech%7C5079%3A5000006400
2025-03-21 01:57:55,"Apple MacBook Pro 13"" Late 2020 M1 1TB SSD 16GB RAM Space Gray - Good",$649.99,N/A,N/A,https://www.ebay.com/itm/125772110133?_trkparms=5373%3A5000006400%7C5374%3ATech%7C5079%3A5000006400
2025-03-21 01:57:57,"Apple MacBook Pro 2021 MS3-96w M1 Pro 16GB RAM 16"" 512GB SSD Very Good",$889.00,"$1,499.00",N/A,https://www.ebay.com/itm/125772110133?_trkparms=5373%3A5000006400%7C5374%3ATech%7C5079%3A5000006400
2025-03-21 01:57:59,LG 55-Inch Class OLED evo G4 Series 4K TV with webOS 24,"$1,499.00","$3,199.95",N/A,https://www.ebay.com/itm/125772110133?_trkparms=5373%3A5000006400%7C5374%3ATech%7C5079%3A5000006400
2025-03-21 01:58:02,Samsung Music Frame Dolby Atmos Picture Frame/Smart Speaker,$160.00,$499.99,N/A,https://www.ebay.com/itm/125772110133?_trkparms=5373%3A5000006400%7C5374%3ATech%7C5079%3A5000006400
2025-03-21 01:58:04,LG 77-Inch Class OLED evo C4 Series TV with webOS 24,"$1,856.00","$4,199.95",N/A,https://www.ebay.com/itm/125772110133?_trkparms=5373%3A5000006400%7C5374%3ATech%7C5079%3A5000006400
2025-03-21 01:58:06,BenQ GP500 4K HDR LED Smart Home Theater Projector 1500 Lm Auto Focus 1.3x zoom,$734.00,"$1,799.00",N/A,https://www.ebay.com/itm/125772110133?_trkparms=5373%3A5000006400%7C5374%3ATech%7C5079%3A5000006400
2025-03-21 01:58:08,BenQ X300G 2000lm 4K Portable Gaming Projector 4ms Short Throw 3D Auto Keystone,$947.00,"$1,499.99",N/A,https://www.ebay.com/itm/125772110133?_trkparms=5373%3A5000006400%7C5374%3ATech%7C5079%3A5000006400
2025-03-21 01:58:10,DJI Mavic 3 Classic Fly More Pro Vlogger -2 Battery Combo (DJI RC) Drone-CRB,"$1,499.00","$1,899.00",N/A,https://www.ebay.com/itm/125772110133?_trkparms=5373%3A5000006400%7C5374%3ATech%7C5079%3A5000006400
2025-03-21 01:58:12,DJI Mini 3 Pro Fly More Vlogger Combo (DJI RC ) Drone 4k,$937.00,"$1,249.00",N/A,https://www.ebay.com/itm/125772110133?_trkparms=5373%3A5000006400%7C5374%3ATech%7C5079%3A5000006400
2025-03-21 01:58:14,Samsung Music Frame Dolby Atmos Picture Frame/Smart Speaker,$160.00,$499.99,N/A,https://www.ebay.com/itm/125772110133?_trkparms=5373%3A5000006400%7C5374%3ATech%7C5079%3A5000006400
2025-03-21 01:58:16,Sony FE 24-70mm F2.8 GM II Lens,"$1,719.00","$2,306.99",N/A,https://www.ebay.com/itm/125772110133?_trkparms=5373%3A5000006400%7C5374%3ATech%7C5079%3A5000006400
